[
    {
    "ptitle": "Adobe Photoshop CS3",
    "date": "2024-07-26",
    "imgurl": "img/Adobe_Photoshop_CS3_icon.png",
    "prescription": "Adobe Photoshop CS3 Download: The Ultimate Tool for Designers and Photographers!",
    "purl": "adobe-photoshop-cs3.html",
    "content": "\n            <p>Welcome to our download page for Adobe Photoshop CS3, the industry-standard software for graphic designers, photographers, and creative professionals. Whether you're looking to edit photos, create stunning graphics, or design professional-grade artwork, Photoshop CS3 offers powerful tools and features to bring your vision to life.</p><p><br></p><p><b><u>Features of Adobe Photoshop CS3:</u></b></p><p><b>Advanced Editing Tools</b>: Utilize a wide range of editing tools to enhance, retouch, and manipulate images with precision.</p><p><b>Layer Management</b>: Work with multiple layers to create complex designs and effects.</p><p><b>Filters and Effects</b>: Apply a variety of filters and effects to achieve professional-quality results.</p><p><b>Integration with Adobe Suite</b>: Seamlessly integrate with other Adobe software for a streamlined workflow.</p><p><b>Improved Performance</b>: Enjoy faster performance and enhanced productivity with optimized tools and features.</p><p><b><u>System Requirements:</u></b></p><p><b>Operating System</b>: Windows XP/Vista/7 or Mac OS X 10.4.8 or higher</p><p><b>Processor</b>: Intel Pentium 4 or AMD Athlon 64 processor</p><p><b>RAM</b>: 512 MB or more</p><p><b>Hard Disk Space</b>: 1 GB of available hard-disk space</p>",
    "dlink": "https://www.mediafire.com/file/gzfmm5gscit1bee/Adobe_Photoshop_CS3.rar/file",
    "license": "Serial Key",
    "os": "windows",
    "category": "Windows Software",
    "fsize": "666 MB"
}
,
   {
    "ptitle": "Adobe PageMaker 7.0.1",
    "date": "2024-07-27",
    "imgurl": "img/Adobe Pagemarker Icon.jpg",
    "prescription": "PageMaker is a software to design the layout of pages that includes templates and images. ",
    "purl": "adobe-pagemaker-7.0.1",
    "content": "<div>\n  <b>PageMaker</b> is one of the <b>most popular applications worldwide to layout pages</b>, that allows you to create all kinds of documents starting from scratch or by means of the hundreds of templates and images that Adobe offers us, obtaining very professional results.</div>\n  <div>\n    <br>\n    </div>\n    <div>This application is used, in general, to give format to newspapers, magazines or any other kinds of publications, even though you can also use it to create customized designs for cards, invitations, envelopes, invoices, posters, flyers,... and for any design that you want to give expression to on paper.</div>\n    <div>\n      <br>\n      </div>\n      <div>One of the main features of the latest version of Adobe PageMaker is that its compatibility with PDF files has been improved, that the documents can now be viewed on almost any device, as well as its integration with other applications of the Adobe family, like Adobe Illustrator and Adobe Photoshop.</div>\n      <div>\n        <br>\n        </div>\n        <div>Once the layout is finished, you can print it without any worries, because Adobe PageMaker supports the main printing standards, guaranteeing a trustworthy result.</div>",
    "dlink": "https://www.mediafire.com/file/1hawz6r7fdl7ayv/AdobePageMaker_7.0.rar/file",
    "license": "Serial Key",
    "os": "windows",
    "category": "Windows Software",
    "fsize": "111 MB"
}
,
{
    "ptitle": "Ratiborus KMS Tools 2021.06.01",
    "date": "2021-06-01",
    "imgurl": "https://ratiborus.com/wp-content/uploads/2023/01/Ratiborus-KMS-Tools-Free.jpg",
    "prescription": "KMS Tools Free Download  Ratiborus KMS Tools 15.09.2023 Free Download",
    "purl": "ratiborus-kms-tools-2021-06-01",
    "content": " <div><a><span style=\"color: #ffa400;\"><b>Ratiborus KMS Tools</b></span></a><span>&nbsp;is a free all-in-one toolkit designed for Windows and office activator. It can be used to activate all editions of Windows from XP, Windows 7, Windows 8, Windows 8.1, Windows 10, Windows 11, Windows Server 2008/2008 R2/2012/2012 R2 as well as Office 2010, 2013, 2016 and 2019. The tools are easy to use and require no technical knowledge.</span><p>If you’re looking for a way to activate your Windows or Office products, then you should definitely check out Ratiborus KMS Tools. This handy tool can help you activate both Windows and Office products with just a few clicks. Plus, it’s completely free to download and use!</p></div>",
    "dlink": "https://www.mediafire.com/file/ahc88fsme3y6nqk/Ratiborus_KMS_Tools_2021.06.01.rar/file",
    "license": "-",
    "os": "windows",
    "category": "Windows Software",
    "fsize": "4.76 MB"
}
,
   {
    "ptitle": "Microsoft Office 2010 Free Download",
    "date": "2024-07-27",
    "imgurl": "https://encrypted-tbn0.gstatic.com/images?q=tbn:ANd9GcRa5SWEQwXX9DrMxleX344TgqoSYXaEeYVPIw&s",
    "prescription": "This is the final version of the Microsoft Office 2010 productivity suite, one of the most historically popular and useful tools in the entire personal computing industry.",
    "purl": "microsoft-office-2010",
    "content": "Microsoft Office 2010 Business and Home includes five of the most valuable productivity apps on the market, which are PowerPoint, Excel, Word, OneNote, and Outlook. There are additional Office apps that can be acquired through the Microsoft Office 2010 Professional Plus suite.",
    "dlink": "https://drive.google.com/file/d/1UDIhG2rVveNoPCnHVjCpFpsZugqNOzG6/view?usp=sharing",
    "category": "Computer Software",
    "license": "-",
    "os": "windows",
    "category": "Windows Software",
    "fsize": "652.1 MB"
},
    {
        "ptitle": "Adobe Photoshop CS3",
        "date": "2024-07-25",
        "imgurl": "img/adobe_photoshop_cs3_icon.png",
        "prescription": "Whizzo Typing & Dictionary",
        "purl": "whizzo_typing_dictionary.html",
        "content": "<h2>Adobe Photoshop CS3</h2><p><strong>Adobe Photoshop</strong> is a raster graphics editor developed and published by Adobe Inc. for Windows and macOS.</p>",
        "dlink": "https://www.mediafire.com/file/1hawz6r7fdl7ayv/AdobePageMaker_7.0.rar/file",
        "category": "Android Application"
    },
    {
    "ptitle": "Test",
    "date": "2024-07-27",
    "imgurl": "img/Adobe_Photoshop_CS3_icon.png",
    "prescription": "woij",
    "purl": "test.html",
    "content": "<ul style=\"list-style-type:square;\">\n    <li>First item</li>\n    <li>Second item</li>\n    <li>Third item</li>\n</ul>\n\n<p><b>This text is bold</b>, but this text is not.</p>\n\n<a href=\"url\">link text</a>",
    "dlink": "https://www.mediafire.com/file/gzfmm5gscit1bee/Adobe_Photoshop_CS3.rar/file"
}
    ,
    {
    "ptitle": "Test 2",
    "date": "2024-07-27",
    "imgurl": "img/test.png",
    "prescription": "woij 2",
    "purl": "test2.html",
    "content": "<ul style=\"list-style-type:square;\">\n    <li>First item</li>\n    <li>Second item</li>\n    <li>Third item</li>\n</ul>\n\n<p><b>This text is bold</b>, but this text is not.</p>\n\n<a href=\"url\">link text</a>\n\n<img src=\"img_girl.jpg\" alt=\"Girl in a jacket\" width=\"500\" height=\"600\">\n\n<form action=\"/action_page.php\">\n  <label for=\"fname\">First name:</label>\n  <input type=\"text\" id=\"fname\" name=\"fname\"><br><br>\n  <label for=\"lname\">Last name:</label>\n  <input type=\"text\" id=\"lname\" name=\"lname\"><br><br>\n  <input type=\"submit\" value=\"Submit\">\n</form>",
    "dlink": "https://www.mediafire.com/file/gzfmm5gscit1bee/Adobe_Photoshop_CS3.rar/file"
},
    {
        "imgurl": "img/Adobe_Photoshop_CS3_icon.png",
        "ptitle": "Adobe Pagemaker 7.0",
        "prescription": "Whizzo Typing & Dictionary",
        "purl": "whizzo_typing_dictionary.html",
        "content": "Whizzo Typing & Dictionary is a comprehensive tool for...",
        "dlink": "https://www.mediafire.com/file/1hawz6r7fdl7ayv/AdobePageMaker_7.0.rar/file"
    },
    {
        "imgurl": "img/Adobe_Photoshop_CS3_icon.png",
        "ptitle": "Adobe Pagemaker 7.0",
        "prescription": "Whizzo Typing & Dictionary",
        "purl": "whizzo_typing_dictionary.html",
        "content": "Whizzo Typing & Dictionary is a comprehensive tool for...",
        "dlink": "https://www.mediafire.com/file/1hawz6r7fdl7ayv/AdobePageMaker_7.0.rar/file"
    },
    {
        "imgurl": "img/Adobe_Photoshop_CS3_icon.png",
        "ptitle": "Adobe Pagemaker 7.0",
        "prescription": "Whizzo Typing & Dictionary",
        "purl": "whizzo_typing_dictionary.html",
        "content": "Whizzo Typing & Dictionary is a comprehensive tool for...",
        "dlink": "https://www.mediafire.com/file/1hawz6r7fdl7ayv/AdobePageMaker_7.0.rar/file"
    }
]
